Region,N_observations,N_patients,Min_p_value,Any_significant
ant,51,19,0.1597404605359718,No
post,51,19,0.34988415119106275,No
baseline_ant,51,19,0.46947253521228605,No
baseline_post,51,19,0.349674177155225,No
